Position,Const,Created,Modified,Description,Title,Original Title,URL,Title Type,IMDb Rating,Runtime (mins),Year,Genres,Num Votes,Release Date,Directors,Your Rating,Date Rated
1,tt0944947,2021-04-21,2021-04-21,,"Game of Thrones","Game of Thrones",https://www.imdb.com/title/tt0944947/,TV Series,9.2,60,2011,"Drama, Fantasy",2668962,2011-04-17,,10,2017-02-27
2,tt0903747,2021-04-21,2021-04-21,,"Breaking Bad","Breaking Bad",https://www.imdb.com/title/tt0903747/,TV Series,9.5,48,2008,"Crime, Drama, Thriller",2685163,2008-01-20,,10,2021-04-21
3,tt2306299,2021-04-21,2021-04-21,,"Vikings","Vikings",https://www.imdb.com/title/tt2306299/,TV Series,8.5,45,2013,"Action, Adventure, Drama, History, War",651153,2013-03-03,,10,2017-06-28
4,tt8595766,2021-04-21,2021-04-21,,"Yeh Meri Family","Yeh Meri Family",https://www.imdb.com/title/tt8595766/,TV Series,8.9,30,2018,"Comedy, Drama, Family, Musical, Romance",27936,2018-07-12,,10,2020-07-31
5,tt9544034,2021-04-21,2021-04-21,,"The Family Man","The Family Man",https://www.imdb.com/title/tt9544034/,TV Series,8.6,45,2019,"Action, Comedy, Crime, Drama, Thriller",114409,2019-09-19,,10,2020-07-17
6,tt9561862,2021-04-21,2021-04-21,,"Love, Death & Robots","Love, Death & Robots",https://www.imdb.com/title/tt9561862/,TV Series,8.4,15,2019,"Animation, Short, Action, Adventure, Comedy, Drama, Fantasy, Horror, Mystery, Sci-Fi, Thriller",232995,2019-03-15,,10,2019-11-05
7,tt6611916,2021-04-21,2021-04-21,,"Kingdom","Kingdom",https://www.imdb.com/title/tt6611916/,TV Series,8.3,45,2019,"Action, Drama, Horror, Thriller",65301,2019-01-25,,10,2020-04-27
8,tt5994364,2021-04-21,2021-04-21,,"Guardian: The Lonely and Great God","Sseulsseulhago charanhasindoggaebi",https://www.imdb.com/title/tt5994364/,TV Mini Series,8.5,120,2016,"Comedy, Drama, Fantasy, Romance",38737,2016-12-02,,10,2020-04-22
9,tt1190634,2021-04-21,2021-04-21,,"The Boys","The Boys",https://www.imdb.com/title/tt1190634/,TV Series,8.5,60,2019,"Action, Comedy, Crime, Sci-Fi",1029157,2019-07-26,,10,2020-09-10
10,tt0275137,2021-04-21,2021-04-21,,"Justice League","Justice League",https://www.imdb.com/title/tt0275137/,TV Series,8.5,22,2001,"Animation, Action, Adventure, Family, Fantasy, Mystery, Sci-Fi",58221,2001-11-17,,10,2020-04-20
11,tt13582638,2021-04-21,2021-04-21,,"Taqdeer","Taqdeer",https://www.imdb.com/title/tt13582638/,TV Series,8.6,20,2020,"Crime, Mystery, Thriller",8454,2020-12-18,,10,2021-01-02
12,tt6077448,2021-04-21,2021-04-21,,"Sacred Games","Sacred Games",https://www.imdb.com/title/tt6077448/,TV Series,8.5,,2018,"Action, Crime, Drama, Mystery, Thriller",99156,2018-07-06,,10,2019-09-03
13,tt5753856,2021-04-21,2021-04-21,,"Dark","Dark",https://www.imdb.com/title/tt5753856/,TV Series,8.7,60,2017,"Crime, Drama, Mystery, Sci-Fi, Thriller",563936,2017-12-01,,10,2020-07-18
14,tt4574334,2021-04-21,2021-04-21,,"Stranger Things","Stranger Things",https://www.imdb.com/title/tt4574334/,TV Series,8.6,60,2016,"Drama, Fantasy, Horror, Mystery, Sci-Fi, Thriller",1743321,2016-07-15,,10,2019-09-08
15,tt7767422,2021-10-14,2021-10-14,,"Sex Education","Sex Education",https://www.imdb.com/title/tt7767422/,TV Series,8.2,60,2019,"Comedy, Drama, Romance",404770,2019-01-11,,7,2023-09-30
16,tt3322312,2022-01-12,2022-01-12,,"Daredevil","Daredevil",https://www.imdb.com/title/tt3322312/,TV Series,8.6,60,2015,"Action, Crime, Drama, Sci-Fi, Thriller",543335,2015-04-10,,10,2020-10-06
17,tt9140554,2022-01-12,2022-01-12,,"Loki","Loki",https://www.imdb.com/title/tt9140554/,TV Series,8.2,50,2021,"Action, Adventure, Fantasy, Sci-Fi",489337,2021-06-09,,10,2021-08-03
18,tt10160804,2022-01-12,2022-01-12,,"Hawkeye","Hawkeye",https://www.imdb.com/title/tt10160804/,TV Mini Series,7.4,60,2021,"Action, Adventure, Crime, Drama, Mystery, Sci-Fi",249569,2021-11-24,,9,2022-05-07
19,tt1837492,2022-01-12,2022-01-12,,"13 Reasons Why","13 Reasons Why",https://www.imdb.com/title/tt1837492/,TV Series,7.4,60,2017,"Drama, Mystery, Thriller",343738,2017-03-31,,9,2021-04-21
20,tt1312171,2022-01-12,2022-01-12,,"The Umbrella Academy","The Umbrella Academy",https://www.imdb.com/title/tt1312171/,TV Series,7.8,60,2019,"Action, Adventure, Comedy, Drama, Fantasy, Sci-Fi",318591,2019-02-15,,9,2019-11-03
21,tt9170108,2022-03-08,2022-03-08,,"Raised by Wolves","Raised by Wolves",https://www.imdb.com/title/tt9170108/,TV Series,7.4,55,2020,"Drama, Fantasy, Sci-Fi, Thriller",93774,2020-09-03,,10,2020-10-07
